{
  "fact": {},
  "rule": {
    "claim.recommendation(C,pay):0": {
      "x": -219.437459411801,
      "y": -45.81248882995067
    },
    "excluded_cause(H,2_d_2):0": {
      "x": 563.9648169631084,
      "y": 1369.6288411961207
    },
    "exclusion(C,sec2):1": {
      "x": 259.76564290249496,
      "y": 1095.7032005135313
    },
    "exclusion(C,sec2):0": {
      "x": 294.92189532538896,
      "y": 890.6250613799828
    },
    "exclusion(C,Section):0": {
      "x": 543.1249795085762,
      "y": 1454.999977620319
    },
    "more(X,Y):0": {
      "x": 246.58201953798255,
      "y": 524.9023188184776
    },
    "recommend_pay(C,pay):0": {
      "x": -193.74998628627606,
      "y": -15.624998894054556
    },
    "day_modifier(DayDifference,-,1):0": {
      "x": -197.4999839602964,
      "y": 725.0781340042898
    },
    "exclusion(C,2_d_10):0": {
      "x": 377.49996748287464,
      "y": 1450.312435693344
    },
    "exclusion(C,2):0": {
      "x": 396.48440232486075,
      "y": 259.76564290249496
    },
    "exclusion(C,4.3i):0": {
      "x": 291.5781558798895,
      "y": 1416.937532043324
    },
    "excluded_cause(Z,2_d_2):0": {
      "x": 821.1718817210992,
      "y": 1394.9219229391076
    },
    "exclusion(C,2_d_1):0": {
      "x": 195.31248931889502,
      "y": 1364.3749400298148
    },
    "excluded_cause(Z,2_d_5):0": {
      "x": 853.1250494095816,
      "y": 1913.6719622263695
    },
    "recommend_pay(C):0": {
      "x": -201.17185830531616,
      "y": -33.593749259307685
    },
    "plan_in_effect(C):0": {
      "x": 878.3749745632541,
      "y": -51.81248175189957
    },
    "claim.recommendation(C,decline):1": {
      "x": -96.4999920371925,
      "y": 654.8124746738484
    },
    "claim.recommendation(C,decline):0": {
      "x": -75.31249325373255,
      "y": 408.3749745632541
    },
    "person.policy(X,Y):1": {
      "x": 1258.937449679481,
      "y": 209.9999858438979
    },
    "excluded_cause(H,2_d_3):0": {
      "x": 561.523410829069,
      "y": 1572.2655503213937
    },
    "excluded(C):0": {
      "x": 18.7499986728655,
      "y": 842.1874403895387
    },
    "excluded_cause(H,2_d_4):0": {
      "x": 543.2128549427896,
      "y": 1791.3817182663906
    },
    "excluded_cause(Z,2_d_6):0": {
      "x": 845.0000456889461,
      "y": 2095.468768870057
    },
    "excluded_cause(Z,2_d_3):0": {
      "x": 848.7500396958849,
      "y": 1567.7344712229458
    },
    "partial_day(C):0": {
      "x": 286.6874855121142,
      "y": 90.62504313187367
    },
    "day_modifier(DayDifference,0):0": {
      "x": 222.77830567878436,
      "y": 598.1444919594762
    },
    "leq(X,Y):0": {
      "x": 1320.4374682593648,
      "y": 677.4375107276712
    },
    "duration(Z,DURATION):0": {
      "x": 633.5937172596481,
      "y": 417.39062952637454
    },
    "recommend_pay(Claim):0": {
      "x": -224.6093904796009,
      "y": -37.10937755749933
    },
    "exclusion(C,2_):1": {
      "x": 462.8906569014385,
      "y": 1132.8125780710307
    },
    "excluded_cause(Z,2_d_11):0": {
      "x": 780.0781733043616,
      "y": 2823.2031919284855
    },
    "policy.claim(X,Y):0": {
      "x": 1419.93746206607,
      "y": 436.999992921949
    },
    "overlap(PS,PE,ZS,ZE):0": {
      "x": 1095.9061917843394,
      "y": 482.04218311168813
    },
    "claim.recommendation(Claim,pay):0": {
      "x": -228.51564074881134,
      "y": -101.56250699947174
    },
    "excluded_cause(Z,2_d_9):0": {
      "x": 790.9375348384536,
      "y": 2651.2500552699275
    },
    "exclusion(C,2_a):0": {
      "x": 259.76564290249485,
      "y": 1078.1250743020842
    },
    "excluded_cause(Z,2_d_7):0": {
      "x": 834.7656706559121,
      "y": 2279.296910372075
    },
    "covered(C):0": {
      "x": -67.18749524443444,
      "y": 454.6874678169865
    },
    "less(X,Y):0": {
      "x": 551.6572667332011,
      "y": 2287.951167290234
    },
    "datetimetotimestamp(DATE,TIME,STAMP):0": {
      "x": 902.062455974638,
      "y": 850.6249306775901
    },
    "exclusion(C,2_d):0": {
      "x": 302.73436062088945,
      "y": 1430.6639945471063
    },
    "excluded_cause(Cause,2_d_3):0": {
      "x": 563.9648169631084,
      "y": 1442.8710252173037
    },
    "covered(C,confinement):0": {
      "x": 282.15330147619176,
      "y": 24.243162175582057
    },
    "exclusion(C,2_b):0": {
      "x": 442.65626992477473,
      "y": 975.3125725599291
    },
    "person.claim(X,Y):0": {
      "x": 1437.062452997317,
      "y": 114.18752709566425
    },
    "excluded_cause(Z,2_d_4):0": {
      "x": 850.7031629096373,
      "y": 1734.9219341999633
    },
    "months_since(SinceYear,SinceMonth,SinceDay,], [TargetYe,, TargetMon,, TargetD,ay],Months):0": {
      "x": 34.335938228251734,
      "y": 95.9912102820551
    },
    "exclusion(C,2_):0": {
      "x": 259.76564290249496,
      "y": 923.8281886682714
    },
    "exclusion(C,2_c):0": {
      "x": 445.937521512971,
      "y": 1145.468804635752
    },
    "excluded_cause(Cause,2_d_2):0": {
      "x": 566.406223097148,
      "y": 1638.1835159404582
    },
    "exclusion(C,4.3m):0": {
      "x": 267.4999884981672,
      "y": 948.3124560939644
    },
    "exclusion(C,2):1": {
      "x": 269.53126857552104,
      "y": 962.8906913603763
    },
    "exclusion(C,2_a_1):0": {
      "x": 431.6406442703752,
      "y": 803.6719663247701
    },
    "person.policy(X,Y):0": {
      "x": 1493.4374576422883,
      "y": 670.5624591906118
    },
    "excluded_cause(Z,2_d_8):0": {
      "x": 818.5156460142807,
      "y": 2469.687529730154
    },
    "greater(X,Y):0": {
      "x": 465.82028638325005,
      "y": 472.9003698500884
    },
    "exclusion(C,partial_day):0": {
      "x": 328.124983323507,
      "y": 496.8750237661907
    }
  }
}