{
  "fact": {},
  "rule": {
    "claim.recommendation(C,pay):0": {
      "x": -219.437459411801,
      "y": -45.81248882995067
    },
    "excluded_cause(H,2_d_2):0": {
      "x": 563.9648169631084,
      "y": 1369.6288411961207
    },
    "exclusion(C,sec2):1": {
      "x": 259.76564290249496,
      "y": 1095.7032005135313
    },
    "excluded_cause(routine_newborn,2_d_2):0": {
      "x": 744.5311956646076,
      "y": -254.29688073854908
    },
    "excluded_cause(self_inflicted):0": {
      "x": 678.7109052629618,
      "y": 754.3944954181841
    },
    "covered(af9100,_,Hospitalization,confinement):0": {
      "x": 67.18749524443444,
      "y": -131.249990710058
    },
    "excluded_cause(self_inflicted,2_d_6):0": {
      "x": 808.5936769421135,
      "y": -22.656287140853294
    },
    "exclusion(C,sec2):0": {
      "x": 294.92189532538896,
      "y": 890.6250613799828
    },
    "exclusion(C,Section):0": {
      "x": 543.1249795085762,
      "y": 1454.999977620319
    },
    "more(X,Y):0": {
      "x": 246.58201953798255,
      "y": 524.9023188184776
    },
    "exclusion(C,geographic):0": {
      "x": 348.1289108779647,
      "y": 643.7421426049763
    },
    "excluded_cause(intoxicated,2_d_5):0": {
      "x": 567.1874576713917,
      "y": -204.29688100339365
    },
    "excluded_cause(sail_gliding):0": {
      "x": 687.4999655265142,
      "y": 163.57420757003666
    },
    "exclusion(C,2_d_11):0": {
      "x": 323.4374771069285,
      "y": 364.06247423147033
    },
    "recommend_pay(C,pay):0": {
      "x": -193.74998628627606,
      "y": -15.624998894054556
    },
    "excluded_cause(war):0": {
      "x": 822.7538671712881,
      "y": 529.7851310865565
    },
    "excluded_cause(hang_gliding):0": {
      "x": 732.4218402118292,
      "y": 1276.8554081026225
    },
    "day_modifier(DayDifference,-,1):0": {
      "x": -197.4999839602964,
      "y": 725.0781340042898
    },
    "excluded_cause(stunt_driving):0": {
      "x": 727.5390279437503,
      "y": 280.7617054145345
    },
    "exclusion(C,pregnancy_routine):0": {
      "x": 363.417965867175,
      "y": 164.6640671964469
    },
    "excluded_cause(professional_athletics):0": {
      "x": 717.7734034075927,
      "y": 356.4452955697569
    },
    "exclusion(C,2_d_10):0": {
      "x": 377.49996748287464,
      "y": 1450.312435693344
    },
    "exclusion(C,2):0": {
      "x": 396.48440232486075,
      "y": 259.76564290249496
    },
    "exclusion(af9100,_,Hospitalization,2_d_11):0": {
      "x": 766.4062006646457,
      "y": 556.2499562627664
    },
    "exclusion(C,4.3i):0": {
      "x": 291.5781558798895,
      "y": 1416.937532043324
    },
    "excluded_cause(Z,2_d_2):0": {
      "x": 821.1718817210992,
      "y": 1394.9219229391076
    },
    "excluded_cause(parachuting):0": {
      "x": 771.4843383564601,
      "y": 839.8437101095642
    },
    "exclusion(C,2_d_1):0": {
      "x": 195.31248931889502,
      "y": 1364.3749400298148
    },
    "excluded_cause(Z,2_d_5):0": {
      "x": 853.1250494095816,
      "y": 1913.6719622263695
    },
    "excluded_cause(addiction):0": {
      "x": 634.765594850252,
      "y": 659.1796561906463
    },
    "recommend_pay(C):0": {
      "x": -201.17185830531616,
      "y": -33.593749259307685
    },
    "plan_in_effect(C):0": {
      "x": 197.53435279013814,
      "y": -202.27809660121181
    },
    "claim.recommendation(C,decline):1": {
      "x": -96.4999920371925,
      "y": 654.8124746738484
    },
    "excluded_cause(felony):0": {
      "x": 667.9638251517289,
      "y": 550.0683142914079
    },
    "claim.recommendation(C,decline):0": {
      "x": -75.31249325373255,
      "y": 408.3749745632541
    },
    "person.policy(X,Y):1": {
      "x": 1258.937449679481,
      "y": 209.9999858438979
    },
    "excluded_cause(H,2_d_3):0": {
      "x": 561.523410829069,
      "y": 1572.2655503213937
    },
    "excluded(C):0": {
      "x": 197.3433008794754,
      "y": 751.1266874796788
    },
    "covers(af9100,Policy,Hospitalization):0": {
      "x": -193.45701875072416,
      "y": -166.5038945216118
    },
    "excluded_cause(racing):0": {
      "x": 800.7812119649333,
      "y": 102.5390576296561
    },
    "exclusion(af9100,Policy,Hospitalization,2_d_1):0": {
      "x": 301.95310826602656,
      "y": 796.4843587331452
    },
    "excluded_cause(H,2_d_4):0": {
      "x": 543.2128549427896,
      "y": 1791.3817182663906
    },
    "excluded_cause(Z,2_d_6):0": {
      "x": 845.0000456889461,
      "y": 2095.468768870057
    },
    "excluded_cause(Z,2_d_3):0": {
      "x": 848.7500396958849,
      "y": 1567.7344712229458
    },
    "partial_day(C):0": {
      "x": 286.6874855121142,
      "y": 90.62504313187367
    },
    "day_modifier(DayDifference,0):0": {
      "x": 222.77830567878436,
      "y": 598.1444919594762
    },
    "excluded_cause(war,2_d_9):0": {
      "x": 916.0156401085303,
      "y": -233.98440946111904
    },
    "excluded_cause(aircraft_operation):0": {
      "x": 805.6640242330122,
      "y": 412.5976366526638
    },
    "leq(X,Y):0": {
      "x": 1320.4374682593648,
      "y": 677.4375107276712
    },
    "excluded_cause(dental_non_accident,2_d_7):0": {
      "x": 931.6406892066923,
      "y": 83.9843807880246
    },
    "excluded_cause(suicide_attempt):0": {
      "x": 769.0429322224206,
      "y": 576.1718476333057
    },
    "excluded_cause(speed_testing):0": {
      "x": 820.3124610372488,
      "y": 717.7734034075925
    },
    "duration(Z,DURATION):0": {
      "x": 633.5937172596481,
      "y": 417.39062952637454
    },
    "exclusion(C,preexist):0": {
      "x": 287.316392345008,
      "y": 944.4218707039129
    },
    "recommend_pay(Claim):0": {
      "x": -224.6093904796009,
      "y": -37.10937755749933
    },
    "exclusion(C,2_):1": {
      "x": 462.8906569014385,
      "y": 1132.8125780710307
    },
    "excluded_cause(Z,2_d_11):0": {
      "x": 780.0781733043616,
      "y": 2823.2031919284855
    },
    "policy.claim(X,Y):0": {
      "x": 1419.93746206607,
      "y": 436.999992921949
    },
    "excluded_cause(cosmetic):0": {
      "x": 712.8905911395138,
      "y": 1083.9843235135074
    },
    "overlap(PS,PE,ZS,ZE):0": {
      "x": 1095.9061917843394,
      "y": 482.04218311168813
    },
    "claim.recommendation(Claim,pay):0": {
      "x": -220.70314021039042,
      "y": -111.32813267249784
    },
    "exclusion(C,Cause):0": {
      "x": 368.3125033451222,
      "y": 453.7968319728965
    },
    "excluded_cause(scuba_diving):0": {
      "x": 676.2694991289222,
      "y": 463.8671654674918
    },
    "excluded_cause(parasailing):0": {
      "x": 734.8632463458687,
      "y": 1181.6405688750847
    },
    "excluded_cause(Z,2_d_9):0": {
      "x": 790.9375348384536,
      "y": 2651.2500552699275
    },
    "exclusion(af9100,_,_,2_a_1):0": {
      "x": 326.1717850655277,
      "y": 20.703119441896064
    },
    "exclusion(C,2_a):0": {
      "x": 259.76564290249485,
      "y": 1078.1250743020842
    },
    "excluded_cause(Z,2_d_7):0": {
      "x": 834.7656706559121,
      "y": 2279.296910372075
    },
    "excluded_cause(elective):0": {
      "x": 661.6210623246857,
      "y": 834.9608978414855
    },
    "covered(C):0": {
      "x": -67.18749524443444,
      "y": 454.6874678169865
    },
    "covered(Claim,confinement):0": {
      "x": 59.371095942518764,
      "y": 94.5195300924862
    },
    "excluded_cause(drugs,2_d_3):0": {
      "x": 993.4687831128854,
      "y": -165.79692440011763
    },
    "less(X,Y):0": {
      "x": 551.6572667332011,
      "y": 2287.951167290234
    },
    "asdfdsaf(Arg):0": {
      "x": 73,
      "y": 542
    },
    "datetimetotimestamp(DATE,TIME,STAMP):0": {
      "x": 902.062455974638,
      "y": 850.6249306775901
    },
    "exclusion(C,2_d):0": {
      "x": 302.73436062088945,
      "y": 1430.6639945471063
    },
    "excluded_cause(Cause,2_d_3):0": {
      "x": 563.9648169631084,
      "y": 1442.8710252173037
    },
    "covered(C,confinement):0": {
      "x": 282.15330147619176,