{
  "fact": {},
  "rule": {
    "claim.recommendation(C,pay):0": {
      "x": -219.437459411801,
      "y": -45.81248882995067
    },
    "recommend_pay(C,pay):0": {
      "x": -193.74998628627606,
      "y": -15.624998894054556
    },
    "exclusion(C,4.3i):0": {
      "x": 289.6250307452842,
      "y": 510.68746958649945
    },
    "recommend_pay(C):0": {
      "x": -218.74998451676322,
      "y": -21.874998451676333
    },
    "plan_in_effect(C):0": {
      "x": 878.3749745632541,
      "y": -51.81248175189957
    },
    "claim.recommendation(C,decline):1": {
      "x": -96.4999920371925,
      "y": 654.8124746738484
    },
    "claim.recommendation(C,decline):0": {
      "x": -75.31249325373255,
      "y": 408.3749745632541
    },
    "person.policy(X,Y):1": {
      "x": 1258.937449679481,
      "y": 209.9999858438979
    },
    "excluded(C):0": {
      "x": 12.499999115243668,
      "y": 170.31248794519422
    },
    "partial_day(C):0": {
      "x": 286.6874855121142,
      "y": 90.62504313187367
    },
    "leq(X,Y):0": {
      "x": 1320.4374682593648,
      "y": 677.4375107276712
    },
    "duration(Z,DURATION):0": {
      "x": 660.9374691441212,
      "y": 220.1249909312467
    },
    "policy.claim(X,Y):0": {
      "x": 1419.93746206607,
      "y": 436.999992921949
    },
    "overlap(PS,PE,ZS,ZE):0": {
      "x": 1095.9061917843394,
      "y": 533.2421831116882
    },
    "less(X,Y):0": {
      "x": 478.781261107476,
      "y": 365.3437755342429
    },
    "datetimetotimestamp(DATE,TIME,STAMP):0": {
      "x": 956.7499597435846,
      "y": 920.9374355233782
    },
    "person.claim(X,Y):0": {
      "x": 1437.062452997317,
      "y": 114.18752709566425
    },
    "exclusion(C,4.3m):0": {
      "x": 267.4999884981672,
      "y": 948.3124560939644
    },
    "person.policy(X,Y):0": {
      "x": 1493.4374576422883,
      "y": 670.5624591906118
    },
    "exclusion(C,partial_day):0": {
      "x": 281.2499800929814,
      "y": 74.9999946914617
    }
  }
}